update,global_step,episodes_completed,mean_return_20,mean_length_20,policy_loss,value_loss,entropy,approx_kl,clip_fraction,learning_rate,sps
1,2048,8,-1217.6304635984386,200.0,-0.005952998995780945,0.6418672800064087,0.9271040558815002,0.003173563629388809,0.01650390625,0.0003,10034
2,4096,16,-1238.9620036541994,199.5,-0.0046352967619895935,0.04648179933428764,0.9224024415016174,0.003355926601216197,0.016357421875,0.0003,10305
3,6144,24,-1241.1202513081566,199.2,-0.008824633434414864,0.04256666824221611,0.9244784712791443,0.003390126395970583,0.027001953125,0.0003,10485
4,8192,40,-1220.2589002941127,199.0,-0.008397787809371948,0.05171995982527733,0.9195578098297119,0.0034522346686571836,0.028173828125,0.0003,10559
5,10240,48,-1092.6491120831593,199.0,0.0022958004847168922,0.03820480778813362,0.9181051850318909,0.003258025972172618,0.019921875,0.0003,10592
6,12288,56,-1110.4676766169673,199.0,0.0010650958865880966,0.04434104263782501,0.9158785343170166,0.002311054849997163,0.01220703125,0.0003,10618
7,14336,64,-1100.2384530336944,199.0,-0.00397153664380312,0.07888394594192505,0.9116737246513367,0.002200249582529068,0.003369140625,0.0003,10656
8,16384,80,-1167.928106135177,199.0,-0.008108939044177532,0.07361751794815063,0.9054396152496338,0.0028170093428343534,0.032275390625,0.0003,10674
9,18432,88,-1095.413667652557,199.0,-0.007063750177621841,0.07308081537485123,0.9054318070411682,0.006464116275310516,0.0587890625,0.0003,10690
10,20480,96,-1090.7122347714428,199.0,-0.00728400144726038,0.056479718536138535,0.9150927066802979,0.0036862571723759174,0.02412109375,0.0003,10539
11,22528,112,-1103.4358903353755,199.0,-0.001991644501686096,0.10967223346233368,0.924796998500824,0.0034024256747215986,0.024609375,0.0003,10552
12,24576,120,-1089.9877156981424,199.0,-0.009038161486387253,0.07704324275255203,0.9319246411323547,0.004051655530929565,0.03232421875,0.0003,10571
13,26624,128,-1045.0866767653479,199.0,0.00045322999358177185,0.077818363904953,0.9274912476539612,0.0013846696820110083,0.045263671875,0.0003,10584
14,28672,136,-1046.8123592438835,199.0,-0.004652027040719986,0.05193468555808067,0.9269676804542542,0.005277425982058048,0.031005859375,0.0003,10598
15,30720,152,-1071.7625152916914,199.0,0.0005149953067302704,0.15966108441352844,0.9217348694801331,0.00197427487000823,0.010546875,0.0003,10610
16,32768,160,-1108.7662759340628,199.0,-0.004132529720664024,0.07008755207061768,0.9184333682060242,0.0048368084244430065,0.02802734375,0.0003,10607
17,34816,168,-1105.8337456945624,199.0,-0.0021541453897953033,0.11493761837482452,0.9171877503395081,0.004926600493490696,0.039501953125,0.0003,10384
18,36864,184,-1062.9222700466314,199.0,-0.00765734538435936,0.14716790616512299,0.9288194179534912,0.004229252692312002,0.02666015625,0.0003,10398
19,38912,192,-1046.7158432058193,199.0,-0.004935641773045063,0.11213703453540802,0.9250152111053467,0.00616603484377265,0.01923828125,0.0003,10419
20,40960,200,-1057.9940750918254,199.0,-0.014535615220665932,0.11299236118793488,0.9331092238426208,0.005378946661949158,0.05673828125,0.0003,10427
21,43008,208,-1085.158364976632,199.0,-0.010292591527104378,0.11852829158306122,0.9236037731170654,0.006256856024265289,0.03896484375,0.0003,10440
22,45056,224,-1059.4282874475525,199.0,-0.0006463620811700821,0.2244940996170044,0.9344138503074646,0.0032618024852126837,0.02666015625,0.0003,10460
23,47104,232,-1013.0303481406785,199.0,-0.008977137506008148,0.10051780194044113,0.9302149415016174,0.0054885270074009895,0.050341796875,0.0003,10470
24,49152,240,-1026.633641523737,199.0,-0.003366321325302124,0.16875553131103516,0.9234904646873474,0.0027056937105953693,0.03037109375,0.0003,10482
25,51200,256,-1004.0842903485354,199.0,-0.006670655682682991,0.21756911277770996,0.9224748015403748,0.005919381510466337,0.076708984375,0.0003,10495
26,53248,264,-989.2234216735624,199.0,-0.0053089335560798645,0.125786691904068,0.9230280518531799,0.003492399351671338,0.07822265625,0.0003,10500
27,55296,272,-1016.0053254335832,199.0,-0.0018484992906451225,0.08941571414470673,0.920951783657074,0.009994802065193653,0.081298828125,0.0003,10507
28,57344,280,-1040.1339764879149,199.0,0.0016102194786071777,0.12093348056077957,0.9182312488555908,0.0045605734921991825,0.073828125,0.0003,10517
29,59392,296,-1028.9183569485417,199.0,0.0005059184040874243,0.23840227723121643,0.9076119065284729,0.005855328869074583,0.042041015625,0.0003,10519
30,61440,304,-1025.0484076375226,199.0,0.004555221647024155,0.09264858067035675,0.8997067809104919,0.004357644822448492,0.028564453125,0.0003,10523
31,63488,312,-1081.5434159180422,199.0,0.005051303654909134,0.16633960604667664,0.9021131992340088,0.0020129033364355564,0.03466796875,0.0003,10532
32,65536,320,-1110.495881888213,199.0,0.008254213258624077,0.12313935905694962,0.9016525745391846,0.002831735648214817,0.03447265625,0.0003,10541
33,67584,336,-1065.881089852169,199.0,-0.0057132914662361145,0.23833194375038147,0.900973379611969,0.006927344482392073,0.031787109375,0.0003,10553
34,69632,344,-1028.2814365134795,199.0,0.003096494823694229,0.11603756994009018,0.8952847123146057,0.006692256312817335,0.06064453125,0.0003,10561
35,71680,352,-1048.158367898396,199.0,-0.00402841717004776,0.12206083536148071,0.8878689408302307,0.003351828083395958,0.022216796875,0.0003,10570
36,73728,368,-1041.802887670527,199.0,0.0018291398882865906,0.22110682725906372,0.8831746578216553,0.006229682359844446,0.074267578125,0.0003,10572
37,75776,376,-1035.3267029220096,199.0,-0.005074698477983475,0.20989111065864563,0.8846089839935303,0.0046185995452106,0.021142578125,0.0003,10578
38,77824,384,-1060.4670550940796,199.0,-0.003618101589381695,0.15994985401630402,0.890713632106781,0.003777459729462862,0.032275390625,0.0003,10586
39,79872,392,-1082.8358490087492,199.0,0.0019933711737394333,0.2457437813282013,0.8822603225708008,0.001327824080362916,0.002294921875,0.0003,10593
40,81920,408,-1096.6662067579487,199.0,0.008585955947637558,0.3478262424468994,0.8813388347625732,0.004766850266605616,0.027099609375,0.0003,10600
41,83968,416,-1108.303218757435,199.0,-0.005683159455657005,0.16870959103107452,0.8843241333961487,0.004904973786324263,0.044580078125,0.0003,10605
42,86016,424,-1120.6079587564655,199.0,0.005120905581861734,0.2436644732952118,0.8851127624511719,0.00842357985675335,0.054150390625,0.0003,10610
43,88064,440,-1081.7327692213703,199.0,-0.009380843490362167,0.32458025217056274,0.8823756575584412,0.0038985353894531727,0.057177734375,0.0003,10589
44,90112,448,-1039.4566924069702,199.0,0.0006963992491364479,0.1871948093175888,0.8869723677635193,0.001671801321208477,0.0318359375,0.0003,10566
45,92160,456,-1008.5105918577171,199.0,-0.007797319442033768,0.16713671386241913,0.8849375247955322,0.006783835589885712,0.036181640625,0.0003,10537
46,94208,464,-992.6730417107859,199.0,0.004618162754923105,0.30414241552352905,0.8777997493743896,0.0035301693715155125,0.035009765625,0.0003,10532
47,96256,480,-989.2238790253266,199.0,-0.000135861337184906,0.36173680424690247,0.8733949065208435,0.005026079714298248,0.035595703125,0.0003,10535
48,98304,488,-1004.2651143911751,199.0,0.00802729744464159,0.19000518321990967,0.856433629989624,0.008460713550448418,0.048681640625,0.0003,10539
49,100352,496,-987.3211108172297,199.0,-0.0020138919353485107,0.17338338494300842,0.8482649326324463,0.0008440325618721545,0.026025390625,0.0003,10546
50,102400,512,-950.358974648521,199.0,0.009605329483747482,0.4709969162940979,0.8486526012420654,0.0037912577390670776,0.02939453125,0.0003,10548
51,104448,520,-951.727912122552,199.0,0.010371550917625427,0.19981572031974792,0.8444909453392029,0.005595017224550247,0.045947265625,0.0003,10549
52,106496,528,-972.3359751251257,199.0,-0.0021897684782743454,0.2902525067329407,0.8390740752220154,0.0026401677168905735,0.029833984375,0.0003,10554
53,108544,536,-996.2790073472454,199.0,-0.0027974434196949005,0.19980847835540771,0.8413048386573792,0.0046872422099113464,0.03759765625,0.0003,10558
54,110592,552,-971.7851221446768,199.0,-0.003454219549894333,0.4053637981414795,0.8422585129737854,0.0028413862455636263,0.03447265625,0.0003,10563
55,112640,560,-969.3687920009128,199.0,-0.0061659663915634155,0.2627713084220886,0.8400089740753174,0.004114884417504072,0.056884765625,0.0003,10569
56,114688,568,-975.6986595335648,199.0,0.000393410911783576,0.19818666577339172,0.82926344871521,0.006023723632097244,0.066015625,0.0003,10573
57,116736,576,-968.4272746833301,199.0,-0.0022980584762990475,0.2182377725839615,0.8231723308563232,0.00497099943459034,0.058349609375,0.0003,10577
58,118784,592,-999.2850036979393,199.0,-0.003092454746365547,0.27877795696258545,0.8138619065284729,0.002581879263743758,0.034716796875,0.0003,10582
59,120832,600,-1017.8455825625458,199.0,-0.005019128322601318,0.25048184394836426,0.8138599991798401,0.0058464165776968,0.06435546875,0.0003,10584
60,122880,608,-1035.1271494293046,199.0,-0.0013958467170596123,0.20516234636306763,0.814978837966919,0.0013993444154039025,0.032763671875,0.0003,10588
61,124928,624,-997.8942171559013,199.0,-0.004393439739942551,0.5125074982643127,0.8150023818016052,0.004884869791567326,0.046142578125,0.0003,10591
62,126976,632,-1018.4745381569853,199.0,0.005147666670382023,0.19217351078987122,0.8136470317840576,0.011189540848135948,0.055712890625,0.0003,10590
63,129024,640,-970.4316038500114,199.0,-0.0013689249753952026,0.1795717179775238,0.8057892322540283,0.003319720271974802,0.07109375,0.0003,10594
64,131072,648,-970.0038694017546,199.0,-0.0030004517175257206,0.19418038427829742,0.8087024092674255,0.0032781059853732586,0.023486328125,0.0003,10594
65,133120,664,-985.3074030055963,199.0,0.004882402718067169,0.43391144275665283,0.7973538041114807,0.005366088822484016,0.0611328125,0.0003,10597
66,135168,672,-991.0470187020749,199.0,0.002507975324988365,0.21906471252441406,0.7945060133934021,0.005078944377601147,0.022119140625,0.0003,10600
67,137216,680,-965.1016759800093,199.0,0.0005520414561033249,0.21983307600021362,0.7881385087966919,0.00679353391751647,0.07451171875,0.0003,10600
68,139264,696,-960.2259043027592,199.0,-0.000193093903362751,0.4463111460208893,0.785041093826294,0.006817345507442951,0.058642578125,0.0003,10603
69,141312,704,-986.6612549681713,199.0,-0.008473023772239685,0.28238993883132935,0.7873478531837463,0.007043251767754555,0.06640625,0.0003,10606
70,143360,712,-979.9036961418336,199.0,0.0073534045368433,0.23477667570114136,0.7904672622680664,0.012371151708066463,0.062109375,0.0003,10608
71,145408,720,-961.8976106103889,199.0,0.0017909780144691467,0.2721998393535614,0.7923594117164612,0.004061812534928322,0.023583984375,0.0003,10611
72,147456,736,-975.7517430010305,199.0,-0.010730225592851639,0.28933969140052795,0.7901840806007385,0.0033168236259371042,0.03447265625,0.0003,10613
73,149504,744,-990.0559587700667,199.0,-0.007957234978675842,0.30572935938835144,0.7795200347900391,0.005966372322291136,0.066455078125,0.0003,10615
74,151552,752,-999.0109265530695,199.0,0.0015041502192616463,0.13160790503025055,0.7735348343849182,0.0067567587830126286,0.06279296875,0.0003,10618
75,153600,768,-971.6732401243971,199.0,0.003041686490178108,0.34286871552467346,0.7710934281349182,0.009155215695500374,0.055419921875,0.0003,10621
76,155648,776,-990.0879521497003,199.0,-0.0038883276283740997,0.23239684104919434,0.7673510313034058,0.003949715290218592,0.03330078125,0.0003,10622
77,157696,784,-1025.2449308979221,199.0,-0.00322544202208519,0.20000006258487701,0.7694255113601685,0.0025179970543831587,0.0373046875,0.0003,10572
78,159744,792,-1051.3410936352716,199.0,-0.005805056542158127,0.2540990114212036,0.7661009430885315,0.007082679774612188,0.0662109375,0.0003,10574
79,161792,808,-1024.5458255970805,199.0,-0.0015851818025112152,0.4046955406665802,0.7698813080787659,0.0025132885202765465,0.029833984375,0.0003,10577
80,163840,816,-1044.2528905205152,199.0,-0.0038754944689571857,0.24174602329730988,0.7662954330444336,0.002541252411901951,0.02607421875,0.0003,10580
81,165888,824,-1062.0832101879619,199.0,0.005008041858673096,0.14124497771263123,0.7639328241348267,0.00368591770529747,0.042822265625,0.0003,10582
82,167936,832,-1030.933092006592,199.0,-0.0020447727292776108,0.3144276738166809,0.7631528377532959,0.0022493144497275352,0.0658203125,0.0003,10586
83,169984,848,-1000.7972344606769,199.0,-0.009823729284107685,0.44453102350234985,0.7671297788619995,0.0014590757200494409,0.063525390625,0.0003,10589
84,172032,856,-1008.9728478542777,199.0,0.003395993262529373,0.21310986578464508,0.7689160704612732,0.003935019485652447,0.0478515625,0.0003,10592
85,174080,864,-992.0351079340378,199.0,0.0025442373007535934,0.3272460103034973,0.7651528716087341,0.005133481230586767,0.04033203125,0.0003,10592
86,176128,880,-990.0468260349355,199.0,-0.0016997293569147587,0.5426869988441467,0.7647711634635925,0.001962056150659919,0.032275390625,0.0003,10590
87,178176,888,-1004.3398758908221,199.0,-0.000786658376455307,0.20076237618923187,0.7673846483230591,0.008234134875237942,0.0455078125,0.0003,10590
88,180224,896,-1027.1343489252208,199.0,0.0020471177995204926,0.2644423246383667,0.7642419338226318,0.00585410138592124,0.05546875,0.0003,10592
89,182272,904,-1036.9139471123376,199.0,0.0015432238578796387,0.24915657937526703,0.766869306564331,0.005382437724620104,0.034716796875,0.0003,10593
90,184320,920,-1084.0528149385204,199.0,-0.005645368248224258,0.4299326241016388,0.770645022392273,0.005289800465106964,0.036083984375,0.0003,10596
91,186368,928,-1101.0622147592528,199.0,-4.477566108107567e-05,0.24540714919567108,0.7745148539543152,0.004098854493349791,0.037109375,0.0003,10597
92,188416,936,-1109.0985557481083,199.0,-0.008633043617010117,0.26667746901512146,0.7808564305305481,0.005282866768538952,0.038330078125,0.0003,10600
93,190464,952,-1130.90612405682,199.0,0.0011342547368258238,0.4267175793647766,0.7871246933937073,0.002010366879403591,0.028515625,0.0003,10602
94,192512,960,-1105.9660607829949,199.0,-0.0006422214210033417,0.21076557040214539,0.7973534464836121,0.002415962517261505,0.0310546875,0.0003,10586
95,194560,968,-1064.4261417201415,199.0,-0.004182074218988419,0.3175908625125885,0.7962512373924255,0.005524813663214445,0.080615234375,0.0003,10587
96,196608,976,-1090.581271814323,199.0,0.005964718759059906,0.27172166109085083,0.7818701267242432,0.004048321861773729,0.028173828125,0.0003,10590
97,198656,992,-1114.8338860530407,199.0,-0.005869217216968536,0.5875270366668701,0.7754725813865662,0.004316145088523626,0.04052734375,0.0003,10592
98,200704,1000,-1107.4229019728768,199.0,0.01356071699410677,0.32630717754364014,0.7734256982803345,0.0039661661721765995,0.027001953125,0.0003,10595
99,202752,1008,-1072.1289977251613,199.0,0.006285425275564194,0.5004440546035767,0.7708033323287964,0.0015810723416507244,0.026513671875,0.0003,10597
100,204800,1024,-1064.5157324172324,199.0,0.0034741535782814026,0.777350902557373,0.7730986475944519,0.0018293788889423013,0.02119140625,0.0003,10599
101,206848,1032,-1079.2412705312915,199.0,0.0024031857028603554,0.40306270122528076,0.7739242315292358,0.005161086097359657,0.041015625,0.0003,10600
102,208896,1040,-1064.3362746133885,199.0,-0.001332852989435196,0.5149620771408081,0.7761231064796448,0.00701463408768177,0.06708984375,0.0003,10603
103,210944,1048,-1069.6146107648215,199.0,-0.0014736847952008247,0.5247174501419067,0.7804431319236755,0.00486435042694211,0.023876953125,0.0003,10604
104,212992,1064,-1080.843171197373,199.0,-0.0026867473497986794,0.7169270515441895,0.7804108262062073,0.003349048551172018,0.026708984375,0.0003,10606
105,215040,1072,-1057.7364361537975,199.0,-0.001550694927573204,0.3417442739009857,0.7871129512786865,0.004912280943244696,0.044873046875,0.0003,10608
106,217088,1080,-1043.502027204308,199.0,0.0057530757039785385,0.3178670108318329,0.789950966835022,0.004245049320161343,0.028955078125,0.0003,10609
107,219136,1088,-1026.158963341176,199.0,-0.006788704544305801,0.5341156721115112,0.7824194431304932,0.004805182106792927,0.05908203125,0.0003,10611
108,221184,1104,-1024.4160765438794,199.0,-0.005423681810498238,0.6613544821739197,0.7818468809127808,0.004662307444959879,0.049169921875,0.0003,10612
109,223232,1112,-1018.4745892651396,199.0,0.004322417080402374,0.5761770009994507,0.780377984046936,0.004897349514067173,0.04326171875,0.0003,10614
110,225280,1120,-1016.0344694058165,199.0,0.01323290541768074,0.6407639384269714,0.7747870087623596,0.011257756501436234,0.0595703125,0.0003,10616
111,227328,1136,-1018.6246398807234,199.0,-0.0046014972031116486,0.668121337890625,0.7717115879058838,0.001252222340553999,0.03642578125,0.0003,10617
112,229376,1144,-1033.3454774482138,199.0,-0.008135998621582985,0.42751994729042053,0.7528407573699951,0.004457075148820877,0.03623046875,0.0003,10619
113,231424,1152,-1032.1019015072513,199.0,-0.006644092500209808,0.38645055890083313,0.7438233494758606,0.004735237918794155,0.0302734375,0.0003,10620
114,233472,1160,-1059.5760043867335,199.0,0.013332843780517578,0.49472883343696594,0.7471501231193542,0.014373657293617725,0.090771484375,0.0003,10621
115,235520,1176,-1059.6734376556424,199.0,0.0020346660166978836,0.6331388354301453,0.7365140914916992,0.0051204971969127655,0.02861328125,0.0003,10622
116,237568,1184,-1023.1948343038106,199.0,-0.006453663110733032,0.490856796503067,0.7369000315666199,0.002365994965657592,0.020751953125,0.0003,10625
117,239616,1192,-1026.8559521150087,199.0,0.010419630445539951,0.7485629320144653,0.7296132445335388,0.006369797978550196,0.046533203125,0.0003,10627
118,241664,1208,-1042.3975856098396,199.0,-0.004501946270465851,0.9838681221008301,0.7227290272712708,0.005991063080728054,0.0353515625,0.0003,10628
119,243712,1216,-983.5761941400517,199.0,0.0006620809435844421,0.49631333351135254,0.7238349318504333,0.002392686903476715,0.053515625,0.0003,10629
120,245760,1224,-964.9404373357272,199.0,-0.008202774450182915,0.5174501538276672,0.72649085521698,0.010623853653669357,0.07724609375,0.0003,10631
121,247808,1232,-997.4861094493023,199.0,-0.010751462541520596,0.32142844796180725,0.7155829071998596,0.003274004440754652,0.06708984375,0.0003,10632
122,249856,1248,-984.6534534676273,199.0,0.00117555633187294,0.7727410793304443,0.7169057130813599,0.004185972735285759,0.04716796875,0.0003,10634
123,251904,1256,-996.4577959182527,199.0,-0.0002810182049870491,0.3015984296798706,0.7210950255393982,0.0019474452128633857,0.033740234375,0.0003,10635
124,253952,1264,-993.4431703048467,199.0,-0.005116986110806465,0.42812618613243103,0.723045289516449,0.005454187281429768,0.0591796875,0.0003,10633
125,256000,1280,-954.329872366422,199.0,0.0013940408825874329,0.7704982161521912,0.7182258367538452,0.005002289079129696,0.044677734375,0.0003,10634
126,258048,1288,-932.7292018288892,199.0,-0.011398466303944588,0.4056192934513092,0.7046244740486145,0.007379154674708843,0.075244140625,0.0003,10635
127,260096,1296,-916.0872759351569,199.0,0.0009060557931661606,0.3596304953098297,0.7111092805862427,0.00336064537987113,0.0591796875,0.0003,10636
128,262144,1304,-933.2724302901786,199.0,0.008885208517313004,0.47445255517959595,0.7150160670280457,0.006007438991218805,0.05986328125,0.0003,10637
129,264192,1320,-953.8620160047452,199.0,-0.004849471151828766,0.6334367394447327,0.7098540663719177,0.003630763851106167,0.02646484375,0.0003,10638
130,266240,1328,-930.1057967678496,199.0,-0.009098531678318977,0.42643505334854126,0.703788697719574,0.010239695198833942,0.095361328125,0.0003,10640
131,268288,1336,-905.3671959662992,199.0,-0.006364081054925919,0.3442990779876709,0.6934998631477356,0.0037525740917772055,0.0484375,0.0003,10642
132,270336,1344,-894.7907412747329,199.0,-0.001222984865307808,0.27427437901496887,0.6860755681991577,0.003928328398615122,0.051025390625,0.0003,10643
133,272384,1360,-893.7714715808576,199.0,0.004380056634545326,0.561382532119751,0.6850613951683044,0.004123761784285307,0.043505859375,0.0003,10644
134,274432,1368,-903.986214169902,199.0,-0.004135922063142061,0.333810031414032,0.678463876247406,0.003609743434935808,0.04794921875,0.0003,10645
135,276480,1376,-906.8622774004674,199.0,-0.0032311398535966873,0.3617812991142273,0.6656068563461304,0.005480618681758642,0.075,0.0003,10647
136,278528,1392,-946.524241620085,199.0,-0.0043754903599619865,0.5596293807029724,0.6639581918716431,0.00354216480627656,0.036767578125,0.0003,10648
137,280576,1400,-945.1082407301186,199.0,-0.004764994606375694,0.33105337619781494,0.6561316251754761,0.0028545972891151905,0.030517578125,0.0003,10650
138,282624,1408,-932.9614329345235,199.0,-0.007928919047117233,0.48099350929260254,0.6489795446395874,0.005732368677854538,0.077978515625,0.0003,10652
139,284672,1416,-901.9266065867041,199.0,0.002938617020845413,0.35742631554603577,0.6419636011123657,0.006004508584737778,0.04619140625,0.0003,10653
140,286720,1432,-885.794636691252,199.0,-0.0028971433639526367,0.6880677938461304,0.6415952444076538,0.0018271789886057377,0.02685546875,0.0003,10654
141,288768,1440,-906.4068626347884,199.0,-0.010050807148218155,0.38781073689460754,0.6426182985305786,0.005206326488405466,0.0712890625,0.0003,10655
142,290816,1448,-942.9519248797318,199.0,0.0004405267536640167,0.1843666136264801,0.6410029530525208,0.005887363106012344,0.055029296875,0.0003,10657
143,292864,1464,-960.8038883239176,199.0,-0.005916459485888481,0.5943437218666077,0.6451297998428345,0.0034003478940576315,0.029248046875,0.0003,10658
144,294912,1472,-953.83155761584,199.0,0.04238871484994888,0.29472506046295166,0.6481122970581055,0.03032965213060379,0.06700303819444445,0.0003,10664
145,296960,1480,-924.6779348865273,199.0,0.006427358835935593,0.3316783607006073,0.6343384981155396,0.010888698510825634,0.076708984375,0.0003,10665
146,299008,1488,-897.1246223955602,199.0,0.001219397410750389,0.28165170550346375,0.6271532773971558,0.005387771874666214,0.06181640625,0.0003,10666
147,301056,1504,-838.3529553992867,199.0,-0.012115232646465302,0.7223390340805054,0.6183611750602722,0.005098672583699226,0.06396484375,0.0003,10667
148,303104,1512,-823.2535172714836,199.0,0.0011669499799609184,0.3356096148490906,0.6161643266677856,0.005151522345840931,0.07470703125,0.0003,10668
149,305152,1520,-806.8951348689602,199.0,0.0005461070686578751,0.2715280055999756,0.6122387647628784,0.005087605677545071,0.055224609375,0.0003,10668
150,307200,1536,-839.6193412211938,199.0,0.006861567497253418,0.5073479413986206,0.6070214509963989,0.006320890970528126,0.04619140625,0.0003,10669
151,309248,1544,-851.6216837624333,199.0,-0.011078888550400734,0.26595836877822876,0.6023730635643005,0.00453869067132473,0.068359375,0.0003,10669
152,311296,1552,-833.3177446933435,199.0,-0.0030082277953624725,0.2921977639198303,0.595215916633606,0.006297544110566378,0.086328125,0.0003,10670
153,313344,1560,-840.9732677088983,199.0,0.008054070174694061,0.3519093692302704,0.5862197279930115,0.011053393594920635,0.055517578125,0.0003,10671
154,315392,1576,-824.5139607298021,199.0,-0.007970470935106277,0.3613128066062927,0.5850614309310913,0.004676634445786476,0.058154296875,0.0003,10673
155,317440,1584,-838.9572450225791,199.0,-0.0156447421759367,0.2285141497850418,0.5871753096580505,0.007323554251343012,0.09091796875,0.0003,10674
156,319488,1592,-837.8260832785872,199.0,0.004127007909119129,0.2484339028596878,0.5910056829452515,0.005159889813512564,0.090185546875,0.0003,10676
157,321536,1600,-844.107134359427,199.0,0.00785345584154129,0.1956961750984192,0.5816878080368042,0.00987200066447258,0.067578125,0.0003,10677
158,323584,1616,-864.4164350648819,199.0,0.0017369799315929413,0.4290831685066223,0.5840273499488831,0.0027885427698493004,0.044677734375,0.0003,10678
159,325632,1624,-879.7873509292218,199.0,0.005645725876092911,0.2768246829509735,0.5814667344093323,0.00544257927685976,0.057421875,0.0003,10680
160,327680,1632,-859.2304900546793,199.0,0.012522159144282341,0.2242346704006195,0.5829305052757263,0.00746969785541296,0.041748046875,0.0003,10681
161,329728,1648,-858.398163174031,199.0,-0.0038115885108709335,0.42138242721557617,0.5775384306907654,0.004987502004951239,0.055126953125,0.0003,10682
162,331776,1656,-867.2160250757825,199.0,-0.004563294351100922,0.1881304234266281,0.5785077810287476,0.0025279512628912926,0.05029296875,0.0003,10683
163,333824,1664,-866.8625509965834,199.0,-0.0015920959413051605,0.25619158148765564,0.5667742490768433,0.00787687674164772,0.064111328125,0.0003,10684
164,335872,1672,-872.1148084243623,199.0,0.0015811603516340256,0.32340100407600403,0.5716465711593628,0.025353623554110527,0.07314453125,0.0003,10686
165,337920,1688,-850.2152279836952,199.0,0.0028434470295906067,0.3723490536212921,0.5762320756912231,0.0041220891289412975,0.0333984375,0.0003,10687
166,339968,1696,-828.3994412788849,199.0,-0.011511537246406078,0.19493351876735687,0.5713862776756287,0.005106302909553051,0.083837890625,0.0003,10688
167,342016,1704,-826.3090014550986,199.0,-0.008693531155586243,0.3322336673736572,0.5621376633644104,0.003336105030030012,0.069384765625,0.0003,10689
168,344064,1720,-810.3890929488309,199.0,-0.00337905902415514,0.3715639114379883,0.5514412522315979,0.0017702487530186772,0.05205078125,0.0003,10690
169,346112,1728,-825.0009768211943,199.0,-0.003262944519519806,0.24820038676261902,0.54902184009552,0.004807695280760527,0.07626953125,0.0003,10690
170,348160,1736,-828.730741826713,199.0,-0.0022399649024009705,0.264300674200058,0.5486354231834412,0.00377448508515954,0.0494140625,0.0003,10692
171,350208,1744,-820.9929706021752,199.0,-0.005102658178657293,0.31693246960639954,0.5363269448280334,0.0025450240354985,0.053955078125,0.0003,10693
172,352256,1760,-860.706904949778,199.0,-0.0012450702488422394,0.34878697991371155,0.5293406248092651,0.0031855269335210323,0.02783203125,0.0003,10694
173,354304,1768,-865.6663466082625,199.0,-0.0058457255363464355,0.19785965979099274,0.5250359773635864,0.004033995326608419,0.042578125,0.0003,10694
174,356352,1776,-863.5324756011718,199.0,0.011677209287881851,0.24903081357479095,0.5185204148292542,0.012786487117409706,0.071044921875,0.0003,10694
175,358400,1792,-864.0165740981889,199.0,-0.009853113442659378,0.3957410752773285,0.5140376091003418,0.00667595025151968,0.073828125,0.0003,10695
176,360448,1800,-835.0810772921947,199.0,-0.002676030620932579,0.3032625913619995,0.5046054124832153,0.004985603503882885,0.064013671875,0.0003,10695
177,362496,1808,-824.5035964234437,199.0,-0.004793550819158554,0.3048211336135864,0.5044983625411987,0.005037358030676842,0.05458984375,0.0003,10696
178,364544,1816,-821.9865875527394,199.0,-0.0029996372759342194,0.18780027329921722,0.49475905299186707,0.005771461874246597,0.05625,0.0003,10696
179,366592,1832,-823.9884508476067,199.0,-0.003377821296453476,0.3774004578590393,0.48584219813346863,0.005481231492012739,0.045751953125,0.0003,10696
180,368640,1840,-826.7946334403072,199.0,0.012296224012970924,0.2563796043395996,0.49252140522003174,0.009008295834064484,0.060986328125,0.0003,10697
181,370688,1848,-832.5226154374175,199.0,-0.012037387117743492,0.25229403376579285,0.4828157424926758,0.011100370436906815,0.104833984375,0.0003,10698
182,372736,1856,-823.132735625601,199.0,-0.0027762427926063538,0.31035733222961426,0.47550490498542786,0.00343725667335093,0.052783203125,0.0003,10699
183,374784,1872,-798.9290608503823,199.0,-0.0011580754071474075,0.4862300753593445,0.47506096959114075,0.004096450284123421,0.06298828125,0.0003,10699
184,376832,1880,-771.1650818371958,199.0,-0.0037465132772922516,0.18756887316703796,0.47127291560173035,0.0026386785320937634,0.061865234375,0.0003,10700
185,378880,1888,-773.7151598122666,199.0,-0.007138397544622421,0.1840875744819641,0.4675759971141815,0.004533926956355572,0.055322265625,0.0003,10701
186,380928,1904,-826.7262952211131,199.0,0.0016445424407720566,0.3428177237510681,0.4654559791088104,0.00738425413146615,0.047216796875,0.0003,10702
187,382976,1912,-803.3362769147602,199.0,-0.00797043927013874,0.24525317549705505,0.46019265055656433,0.009096036665141582,0.064208984375,0.0003,10703
188,385024,1920,-760.4647755700283,199.0,-0.01277640089392662,0.1683645397424698,0.45738837122917175,0.006795095279812813,0.096826171875,0.0003,10704
189,387072,1928,-754.6466337709182,199.0,-0.0024791546165943146,0.2582884728908539,0.4477362334728241,0.006981024518609047,0.06142578125,0.0003,10704
190,389120,1944,-759.8671504160307,199.0,0.010459642857313156,0.354094535112381,0.4449672996997833,0.006467062048614025,0.045068359375,0.0003,10705
191,391168,1952,-736.8535231690201,199.0,-0.00018828734755516052,0.24591755867004395,0.43149757385253906,0.011192390695214272,0.06552734375,0.0003,10706
192,393216,1960,-762.5749217358962,199.0,0.007482557091861963,0.17439591884613037,0.41710376739501953,0.008265789598226547,0.08359375,0.0003,10706
193,395264,1976,-784.9321057826287,199.0,-0.0037817973643541336,0.26895633339881897,0.4121444821357727,0.006073317490518093,0.068994140625,0.0003,10707
194,397312,1984,-762.7414110039091,199.0,0.0008338205516338348,0.12381508946418762,0.40763524174690247,0.004098554607480764,0.057763671875,0.0003,10708
195,399360,1992,-755.1058505022777,199.0,-0.009120259433984756,0.12966935336589813,0.41303616762161255,0.006192340049892664,0.054150390625,0.0003,10709
196,401408,2000,-729.1806811325594,199.0,-0.002639590762555599,0.15258295834064484,0.4105810821056366,0.00666189007461071,0.076806640625,0.0003,10710
197,403456,2016,-711.0981521207493,199.0,-0.0027807913720607758,0.3098718523979187,0.40716248750686646,0.007187749724835157,0.080712890625,0.0003,10711
198,405504,2024,-714.0488648229652,199.0,-0.010042229667305946,0.1136467456817627,0.40204522013664246,0.005221478641033173,0.08271484375,0.0003,10711
199,407552,2032,-714.3088999744472,199.0,-0.006130661815404892,0.14885640144348145,0.39342230558395386,0.006670800503343344,0.068994140625,0.0003,10712
200,409600,2048,-688.0141063826418,199.0,0.0016475152224302292,0.18247686326503754,0.38120514154434204,0.00385501841083169,0.036767578125,0.0003,10713
201,411648,2056,-678.7072489147541,199.0,-0.0014614453539252281,0.09653054922819138,0.36638349294662476,0.00312504218891263,0.082568359375,0.0003,10713
202,413696,2064,-691.6301191599644,199.0,-0.0106881745159626,0.1544736623764038,0.3699660897254944,0.003972988575696945,0.052392578125,0.0003,10713
203,415744,2072,-694.1742587124513,199.0,0.007603060454130173,0.20371702313423157,0.3637824058532715,0.0040256972424685955,0.059521484375,0.0003,10714
204,417792,2088,-691.5401903928408,199.0,0.0011301171034574509,0.1511283814907074,0.36723756790161133,0.0025976025499403477,0.0509765625,0.0003,10714
205,419840,2096,-710.9366863078744,199.0,-0.0061799511313438416,0.0815948024392128,0.35527998208999634,0.00588586088269949,0.085107421875,0.0003,10715
206,421888,2104,-700.3739799360711,199.0,0.004666276276111603,0.0959475114941597,0.36070650815963745,0.004698313307017088,0.067626953125,0.0003,10715
207,423936,2112,-685.6114531108116,199.0,-0.0010520778596401215,0.10889586806297302,0.35265016555786133,0.006096245255321264,0.053564453125,0.0003,10716
208,425984,2128,-706.5117700724436,199.0,-0.010709121823310852,0.16613812744617462,0.3479647636413574,0.003760911524295807,0.068505859375,0.0003,10716
209,428032,2136,-702.066170009814,199.0,-0.003635777160525322,0.1051420047879219,0.34188979864120483,0.005431887693703175,0.062646484375,0.0003,10717
210,430080,2144,-696.0835361642987,199.0,-0.0022527966648340225,0.1536487638950348,0.34693288803100586,0.009713556617498398,0.0728515625,0.0003,10718
211,432128,2160,-740.9481583796185,199.0,0.004079330712556839,0.1864781677722931,0.3442211151123047,0.010926241986453533,0.077490234375,0.0003,10718
212,434176,2168,-756.6496072765574,199.0,0.0036861151456832886,0.09167520701885223,0.34648019075393677,0.010857975110411644,0.058642578125,0.0003,10719
213,436224,2176,-689.3163362177959,199.0,0.0009143240749835968,0.08898836374282837,0.3450956344604492,0.004808762576431036,0.043603515625,0.0003,10720
214,438272,2184,-637.7724746055133,199.0,0.005036948248744011,0.05496861785650253,0.34419918060302734,0.01562020555138588,0.1009765625,0.0003,10720
215,440320,2200,-639.2388683109014,199.0,-0.002651875838637352,0.13093768060207367,0.3427075743675232,0.006818925496190786,0.055078125,0.0003,10720
216,442368,2208,-649.9633532250415,199.0,-0.00663775485008955,0.08126722276210785,0.3397759795188904,0.005404168739914894,0.04560546875,0.0003,10720
217,444416,2216,-626.0236136315951,199.0,-0.0008282223716378212,0.09978890419006348,0.3268182873725891,0.004287098068743944,0.07431640625,0.0003,10721
218,446464,2232,-607.9722779532561,199.0,-0.0013797171413898468,0.08427169919013977,0.32598692178726196,0.004040329717099667,0.063037109375,0.0003,10722
219,448512,2240,-623.0466575084391,199.0,-0.0031832940876483917,0.0884915441274643,0.3229190707206726,0.005390135571360588,0.05107421875,0.0003,10722
220,450560,2248,-591.4116541914939,199.0,-0.009335474111139774,0.09993961453437805,0.3151788115501404,0.006376186385750771,0.13310546875,0.0003,10723
221,452608,2256,-578.810194740378,199.0,0.00015678629279136658,0.05887192115187645,0.3159986138343811,0.0036736615002155304,0.071875,0.0003,10723
222,454656,2272,-611.5487898873953,199.0,0.00022305920720100403,0.09122594445943832,0.3077705502510071,0.009492706507444382,0.09970703125,0.0003,10723
223,456704,2280,-624.9186818595069,199.0,0.0014116615056991577,0.04034069925546646,0.2985537052154541,0.00827256590127945,0.086572265625,0.0003,10724
224,458752,2288,-604.828083104473,199.0,-0.0015392713248729706,0.058339305222034454,0.2945089340209961,0.008553005754947662,0.070849609375,0.0003,10724
225,460800,2304,-587.4258732066336,199.0,-0.0019000228494405746,0.11750517785549164,0.28979867696762085,0.006191361229866743,0.0703125,0.0003,10724
226,462848,2312,-541.4572491610681,199.0,0.0032532624900341034,0.07565654814243317,0.28684383630752563,0.00803467258810997,0.0873046875,0.0003,10724
227,464896,2320,-501.49881753675754,199.0,-0.005633924156427383,0.05206938832998276,0.27384376525878906,0.008802484720945358,0.080712890625,0.0003,10725
228,466944,2328,-481.32786251198274,199.0,-0.005837816745042801,0.04182118922472,0.257659375667572,0.005308309104293585,0.04267578125,0.0003,10725
229,468992,2344,-453.6487838587435,199.0,-0.0012362673878669739,0.07405015826225281,0.25614285469055176,0.011524412781000137,0.0923828125,0.0003,10725
230,471040,2352,-448.96814115234235,199.0,-0.010195188224315643,0.0363297313451767,0.24564307928085327,0.012199735268950462,0.11220703125,0.0003,10724
231,473088,2360,-463.31596307885786,199.0,-0.00752481073141098,0.03578532487154007,0.23488670587539673,0.004284878261387348,0.06826171875,0.0003,10724
232,475136,2368,-424.5834724276171,199.0,-0.012308096513152122,0.04512917250394821,0.24162906408309937,0.006282721646130085,0.090576171875,0.0003,10724
233,477184,2384,-406.14893595986734,199.0,-0.002279665321111679,0.08304662257432938,0.23416179418563843,0.0037548942491412163,0.067529296875,0.0003,10724
234,479232,2392,-350.27341478084463,199.0,-0.0052755288779735565,0.037882134318351746,0.23939847946166992,0.005922605749219656,0.1052734375,0.0003,10724
235,481280,2400,-343.830487608827,199.0,-0.014233401045203209,0.028707202523946762,0.238101065158844,0.009330889210104942,0.10615234375,0.0003,10724
236,483328,2416,-345.0991261607581,199.0,-0.0031429361552000046,0.02307950332760811,0.2347908616065979,0.007799950428307056,0.069677734375,0.0003,10724
237,485376,2424,-323.5393337370868,199.0,-0.006046583876013756,0.0141676040366292,0.22898858785629272,0.0030725370161235332,0.06845703125,0.0003,10725
238,487424,2432,-289.8800175963658,199.0,-0.006392126902937889,0.007961612194776535,0.2279072403907776,0.00929371640086174,0.087353515625,0.0003,10725
239,489472,2440,-304.00893456391015,199.0,-0.02021845430135727,0.011152897030115128,0.23180729150772095,0.007669805083423853,0.10263671875,0.0003,10725
240,491520,2456,-273.16376466879035,199.0,-0.006340697407722473,0.007626501843333244,0.23862320184707642,0.00447163637727499,0.079931640625,0.0003,10725
241,493568,2464,-227.485735437375,199.0,0.0014017634093761444,0.0033326242119073868,0.22643858194351196,0.004676446784287691,0.052685546875,0.0003,10726
242,495616,2472,-211.24854855411908,199.0,-0.012240365147590637,0.0034582624211907387,0.21659135818481445,0.002646268578246236,0.047216796875,0.0003,10726
243,497664,2488,-206.165123620445,199.0,0.0005229972302913666,0.002807919168844819,0.21726885437965393,0.011954258196055889,0.108251953125,0.0003,10726
244,499712,2496,-247.62148441015262,199.0,-0.011385273188352585,0.005519799888134003,0.22000494599342346,0.0021001233253628016,0.059033203125,0.0003,10726
245,501760,2504,-212.51877197010185,199.0,-0.002216774970293045,0.0023040976375341415,0.21355637907981873,0.011969823390245438,0.0755859375,0.0003,10727
246,503808,2512,-200.78823700566974,199.0,-0.004494163207709789,0.0017844483954831958,0.2038516104221344,0.016431720927357674,0.150341796875,0.0003,10727
247,505856,2528,-198.800382788989,199.0,-0.0013201823458075523,0.002995922463014722,0.19697833061218262,0.004812116734683514,0.05439453125,0.0003,10727
248,507904,2536,-199.82996118070162,199.0,-0.01550823450088501,0.003285020124167204,0.19229134917259216,0.007108467631042004,0.058837890625,0.0003,10727
249,509952,2544,-183.91999013688047,199.0,-0.005885351449251175,0.002598247956484556,0.1867818832397461,0.002357227262109518,0.0375,0.0003,10728
250,512000,2560,-185.38994572449224,199.0,-0.002812964841723442,0.0007481998763978481,0.17707586288452148,0.0008555981330573559,0.038232421875,0.0003,10728
251,514048,2568,-209.15585930127023,199.0,-0.0030576996505260468,0.0010027473326772451,0.16177645325660706,0.0036694277077913284,0.069287109375,0.0003,10728
252,516096,2576,-186.98126318590963,199.0,-0.00227936077862978,0.0011781267821788788,0.1493006944656372,0.0022015501745045185,0.0810546875,0.0003,10729
253,518144,2584,-174.57614518118908,199.0,-0.012141884304583073,0.0015339931705966592,0.14794635772705078,0.006622324697673321,0.091259765625,0.0003,10730
254,520192,2600,-222.42263082890926,199.0,0.0008845925331115723,0.0009333419147878885,0.145011305809021,0.0038152411580085754,0.04755859375,0.0003,10730
255,522240,2608,-226.55915117744357,199.0,-0.0036381054669618607,0.001113836420699954,0.1361708641052246,0.0017677182331681252,0.035595703125,0.0003,10730
256,524288,2616,-225.37859093929328,199.0,-0.012115484103560448,0.00041750099626369774,0.1289132833480835,0.005409411154687405,0.0455078125,0.0003,10731
257,526336,2624,-178.06369765974358,199.0,-0.0064394064247608185,0.002247169381007552,0.1309642791748047,0.008569542318582535,0.054443359375,0.0003,10731
258,528384,2640,-148.21757174454734,199.0,0.003259783610701561,0.0025649876333773136,0.12862634658813477,0.0035398032050579786,0.06845703125,0.0003,10731
259,530432,2648,-163.880936724268,199.0,-0.007676458917558193,0.0016407991060987115,0.13368701934814453,0.0030197789892554283,0.0431640625,0.0003,10732
260,532480,2656,-196.87840228812598,199.0,0.003070610575377941,0.0017234394326806068,0.12565672397613525,0.007006559055298567,0.10185546875,0.0003,10732
261,534528,2672,-206.2356905685195,199.0,-0.0017001507803797722,0.0008843102841638029,0.12328481674194336,0.01587602123618126,0.1046875,0.0003,10733
262,536576,2680,-221.21455541916907,199.0,0.005222823470830917,0.0019292633514851332,0.12092924118041992,0.012798024341464043,0.103369140625,0.0003,10733
263,538624,2688,-216.60896385916263,199.0,-0.0034915730357170105,0.0011789221316576004,0.11520600318908691,0.002548572141677141,0.074267578125,0.0003,10733
264,540672,2696,-205.98868471381684,199.0,0.006883528083562851,0.0008029744494706392,0.11107969284057617,0.008353544399142265,0.061279296875,0.0003,10734
265,542720,2712,-159.66217597477794,199.0,-0.0008681975305080414,0.0024635344743728638,0.10880625247955322,0.00663477648049593,0.102001953125,0.0003,10735
266,544768,2720,-154.31018566752107,199.0,-0.0030864328145980835,0.0007892352296039462,0.10629630088806152,0.007635390851646662,0.098828125,0.0003,10735
267,546816,2728,-189.57680271119605,199.0,-0.0014482326805591583,0.002180933253839612,0.1048206090927124,0.022283602505922318,0.057666015625,0.0003,10736
268,548864,2744,-216.52700589407422,199.0,0.0021508727222681046,0.0007119140354916453,0.09907400608062744,0.0051591657102108,0.07587890625,0.0003,10736
269,550912,2752,-181.72350970109017,199.0,-0.002824842929840088,0.0006986565422266722,0.09684431552886963,0.006628880742937326,0.062353515625,0.0003,10737
270,552960,2760,-189.04943130614407,199.0,-0.021375007927417755,0.0004987944266758859,0.0978090763092041,0.005712889600545168,0.08544921875,0.0003,10737
271,555008,2768,-177.8884568280966,199.0,0.013924695551395416,0.00041042250813916326,0.10123240947723389,0.010542190633714199,0.05478515625,0.0003,10738
272,557056,2784,-179.3467560766898,199.0,-0.01234576478600502,0.0013926948886364698,0.10985493659973145,0.008302615955471992,0.0966796875,0.0003,10738
273,559104,2792,-179.30385047084832,199.0,0.013530842959880829,0.0005657696165144444,0.11108481884002686,0.009740525856614113,0.117431640625,0.0003,10739
274,561152,2800,-195.07905639709105,199.0,-0.00141209177672863,0.0007226994493976235,0.09982049465179443,0.012564219534397125,0.096630859375,0.0003,10740
275,563200,2816,-224.32996250033943,199.0,-0.006275001913309097,0.0007020595949143171,0.10030841827392578,0.005916704423725605,0.060302734375,0.0003,10740
276,565248,2824,-203.00314112658566,199.0,0.018987853080034256,0.0010916240280494094,0.09854459762573242,0.010248043574392796,0.078857421875,0.0003,10740
277,567296,2832,-204.10285695007911,199.0,-0.008947093039751053,0.0003999308682978153,0.10035979747772217,0.002578833606094122,0.065625,0.0003,10741
278,569344,2840,-194.91339393328786,199.0,0.004024222493171692,0.0008426687563769519,0.09436154365539551,0.007614760659635067,0.064501953125,0.0003,10741
279,571392,2856,-230.58011547452233,199.0,-0.019143875688314438,0.0006307904841378331,0.09880471229553223,0.005729731172323227,0.088818359375,0.0003,10742
280,573440,2864,-187.8414687220705,199.0,-0.0007195733487606049,0.0008528567268513143,0.0901951789855957,0.012937404215335846,0.062060546875,0.0003,10742
281,575488,2872,-168.29111406472452,199.0,-0.01304249931126833,0.0004805662319995463,0.0852440595626831,0.005680216941982508,0.056689453125,0.0003,10743
282,577536,2880,-160.90527223506072,199.0,-0.012111596763134003,0.0006393369403667748,0.0803689956665039,0.0031264883000403643,0.105419921875,0.0003,10743
283,579584,2896,-206.49384817129734,199.0,-0.005395255982875824,0.0011569273192435503,0.06946825981140137,0.0036699161864817142,0.0482421875,0.0003,10744
284,581632,2904,-213.2238295634028,199.0,0.01124093309044838,0.001310589723289013,0.0587925910949707,0.03538091480731964,0.061572265625,0.0003,10744
285,583680,2912,-188.1184832283801,199.0,0.008609015494585037,0.0020254035480320454,0.06773662567138672,0.004715532064437866,0.059716796875,0.0003,10745
286,585728,2928,-207.5282187216764,199.0,0.023239368572831154,0.0008039344102144241,0.07023477554321289,0.022251546382904053,0.09658203125,0.0003,10745
287,587776,2936,-229.81758728957556,199.0,0.0015312796458601952,0.0016434617573395371,0.07387590408325195,0.007349537685513496,0.13076171875,0.0003,10746
288,589824,2944,-211.76200391932585,199.0,-0.0004188697785139084,0.0004817587905563414,0.06957101821899414,0.005406585521996021,0.13466796875,0.0003,10746
289,591872,2952,-200.795039141622,199.0,0.0010827984660863876,0.00023274531122297049,0.06530153751373291,0.0021077850833535194,0.130908203125,0.0003,10746
290,593920,2968,-145.11399348942064,199.0,0.011405901052057743,0.0005336494650691748,0.05168282985687256,0.006918766535818577,0.084619140625,0.0003,10747
291,595968,2976,-183.67842131447995,199.0,-0.005425183102488518,0.0005616658600047231,0.05798542499542236,0.003531287657096982,0.06904296875,0.0003,10747
292,598016,2984,-191.35833861178787,199.0,-0.007307406514883041,0.00012407357280608267,0.04796254634857178,0.0010539039503782988,0.058203125,0.0003,10747
293,600064,3000,-169.3311404845353,199.0,-0.0022535789757966995,0.0008081750711426139,0.05627131462097168,0.007945755496621132,0.05791015625,0.0003,10747
294,602112,3008,-163.03083279863625,199.0,-0.012497654184699059,0.0008407243876717985,0.06277918815612793,0.008600737899541855,0.067041015625,0.0003,10748
295,604160,3016,-151.99106844409724,199.0,0.006205109879374504,0.0001534365292172879,0.06841766834259033,0.015597144141793251,0.13037109375,0.0003,10749
296,606208,3024,-158.48869614371495,199.0,-0.009380120784044266,0.0005918463575653732,0.07655179500579834,0.004889722913503647,0.043701171875,0.0003,10749
297,608256,3040,-199.2966998713577,199.0,-0.003382254857569933,0.00029387412359938025,0.06444776058197021,0.003452963661402464,0.0564453125,0.0003,10750
298,610304,3048,-205.77890558481613,199.0,0.03346765413880348,0.00060003821272403,0.07238161563873291,0.005895363166928291,0.09677734375,0.0003,10750
299,612352,3056,-170.5018458168501,199.0,-0.011611036956310272,0.0004099185753148049,0.0674746036529541,0.001993919024243951,0.054931640625,0.0003,10750
300,614400,3072,-250.9593475190316,199.0,-0.0003336891531944275,0.0007573659531772137,0.07121801376342773,0.003646251279860735,0.05732421875,0.0003,10751
301,616448,3080,-246.05001159153963,199.0,0.009484983049333096,0.0005901376134715974,0.08048474788665771,0.007134908810257912,0.05439453125,0.0003,10751
302,618496,3088,-238.7085629344484,199.0,-0.009699109941720963,0.00045614023110829294,0.07994961738586426,0.0014128433540463448,0.041259765625,0.0003,10751
303,620544,3096,-242.340380862973,199.0,-0.0034971870481967926,0.0002454041677992791,0.07144057750701904,0.01008226815611124,0.076904296875,0.0003,10752
304,622592,3112,-236.6767524590589,199.0,-0.00930414255708456,0.0007326642517000437,0.06446409225463867,0.0058628409169614315,0.0828125,0.0003,10752
305,624640,3120,-209.61581387990432,199.0,-0.001015347894281149,0.0008105401648208499,0.05705142021179199,0.0018735398771241307,0.105810546875,0.0003,10753
306,626688,3128,-183.4186327685528,199.0,-0.005688097327947617,0.0006288688164204359,0.05365633964538574,0.005924992263317108,0.10888671875,0.0003,10753
307,628736,3136,-232.17297013801317,199.0,0.007092835381627083,0.00028736822423525155,0.04897880554199219,0.006172148976475,0.08544921875,0.0003,10754
308,630784,3152,-228.0375997268709,199.0,-0.0013767171185463667,0.0007709940546192229,0.04998958110809326,0.010417207144200802,0.100146484375,0.0003,10754
309,632832,3160,-194.9952878615274,199.0,0.013192571699619293,0.0008466989966109395,0.05662345886230469,0.00821248721331358,0.067626953125,0.0003,10755
310,634880,3168,-172.51363432338755,199.0,6.870925426483154e-05,0.0004550171724986285,0.05707097053527832,0.012592139653861523,0.109423828125,0.0003,10755
311,636928,3184,-184.38313093618396,199.0,-0.0014450643211603165,0.000347231631167233,0.055286407470703125,0.0037219920195639133,0.06640625,0.0003,10756
312,638976,3192,-205.19095193344887,199.0,-0.00747241685166955,0.0019414951093494892,0.06247591972351074,0.004026217386126518,0.06396484375,0.0003,10756
313,641024,3200,-206.51590044095647,199.0,0.004937602207064629,0.000659062759950757,0.06764698028564453,0.009560265578329563,0.088916015625,0.0003,10757
314,643072,3208,-228.71262107551874,199.0,0.0029498860239982605,0.0006666255067102611,0.07317173480987549,0.011170131154358387,0.03291015625,0.0003,10757
315,645120,3224,-143.58046502157282,199.0,-0.0003572627902030945,0.00033019829425029457,0.06330609321594238,0.02051164209842682,0.09765625,0.0003,10757
316,647168,3232,-168.22474485278718,199.0,-0.019177041947841644,0.0011151088401675224,0.058692336082458496,0.006045605055987835,0.087890625,0.0003,10757
317,649216,3240,-144.54748191410948,199.0,-0.013463310897350311,0.00034842948662117124,0.06571555137634277,0.0044247983023524284,0.11240234375,0.0003,10758
318,651264,3256,-195.9155302859262,199.0,0.00041281431913375854,0.0005223200423642993,0.06950271129608154,0.006751317996531725,0.0888671875,0.0003,10758
319,653312,3264,-195.98526837891754,199.0,0.013410128653049469,0.0003213336749467999,0.06470644474029541,0.011059707961976528,0.084765625,0.0003,10759
320,655360,3272,-186.6219060584815,199.0,-0.012937717139720917,0.0003057122230529785,0.06585288047790527,0.01764604076743126,0.091357421875,0.0003,10759
321,657408,3280,-165.46117637739027,199.0,-0.003981387708336115,5.478470120579004e-05,0.07429146766662598,0.003981538582593203,0.083251953125,0.0003,10759
322,659456,3296,-163.50863316538366,199.0,-0.012547369115054607,0.0003019682480953634,0.07588326930999756,0.011999737471342087,0.09052734375,0.0003,10760
323,661504,3304,-180.53874922249955,199.0,0.00010281428694725037,0.00033651667763479054,0.0875009298324585,0.007346120197325945,0.0646484375,0.0003,10760
324,663552,3312,-193.6916212582479,199.0,0.012982213869690895,0.0003092886763624847,0.08809268474578857,0.02513379603624344,0.086083984375,0.0003,10761
325,665600,3328,-180.9202798970653,199.0,-0.004207695834338665,0.00021016878599766642,0.0964888334274292,0.0021293372847139835,0.061181640625,0.0003,10757
326,667648,3336,-151.8476591244426,199.0,0.0011150166392326355,0.0005274828290566802,0.10040426254272461,0.011421720497310162,0.074365234375,0.0003,10757
327,669696,3344,-150.67765746502,199.0,-0.00871049240231514,0.0002856964129023254,0.10095393657684326,0.015793120488524437,0.131640625,0.0003,10757
328,671744,3352,-168.44043007326943,199.0,-0.0017145760357379913,0.00011815162724815309,0.10127949714660645,0.013320020399987698,0.089013671875,0.0003,10758
329,673792,3368,-180.41936961423085,199.0,0.021268796175718307,0.0008084280416369438,0.10398578643798828,0.0044956086203455925,0.06279296875,0.0003,10758
330,675840,3376,-171.04624146250794,199.0,-0.010370392352342606,0.0011785082751885056,0.10699784755706787,0.006937457714229822,0.068505859375,0.0003,10758
331,677888,3384,-180.66433140772594,199.0,0.00873655453324318,0.0006040111766196787,0.11891806125640869,0.009407678619027138,0.102294921875,0.0003,10759
332,679936,3392,-183.43891241152107,199.0,0.004197821021080017,0.00016419021994806826,0.1229630708694458,0.0010130100417882204,0.111376953125,0.0003,10759
333,681984,3408,-170.7437027148207,199.0,-0.0005510374903678894,0.0010104740504175425,0.129327654838562,0.0026345043443143368,0.06806640625,0.0003,10759
334,684032,3416,-151.63579505862614,199.0,0.021413631737232208,0.001119739841669798,0.14238572120666504,0.020548736676573753,0.0814453125,0.0003,10760
335,686080,3424,-188.1431043627259,199.0,0.010801192373037338,0.0005300044431351125,0.14743530750274658,0.005738146603107452,0.071533203125,0.0003,10760
336,688128,3440,-199.67002233080444,199.0,-0.011748995631933212,0.0008389061549678445,0.15501746535301208,0.0080647524446249,0.0990234375,0.0003,10760
337,690176,3448,-145.8706788545644,199.0,-0.00791692454367876,0.0007779461448080838,0.15560826659202576,0.0031079468317329884,0.06875,0.0003,10760
338,692224,3456,-151.59208201557874,199.0,-0.016641054302453995,4.5357010094448924e-05,0.14570975303649902,0.005055628251284361,0.12236328125,0.0003,10761
339,694272,3464,-130.36286262088922,199.0,-0.0004320824518799782,0.0004763838369399309,0.14456415176391602,0.007412317208945751,0.13232421875,0.0003,10761
340,696320,3480,-157.2301614852748,199.0,0.006598280742764473,0.0011798751074820757,0.16136884689331055,0.00314438808709383,0.08095703125,0.0003,10761
341,698368,3488,-182.78766789250543,199.0,-0.006759129464626312,0.0003567007661331445,0.17064237594604492,0.0020454521290957928,0.08349609375,0.0003,10762
342,700416,3496,-176.34094834501605,199.0,-0.002899065613746643,0.0009228902054019272,0.1713208258152008,0.03834369033575058,0.20849609375,0.0003,10779
343,702464,3512,-189.21839647425548,199.0,-0.013694263994693756,0.00015754833293613046,0.17686662077903748,0.003965961746871471,0.088037109375,0.0003,10779
344,704512,3520,-163.80511448754677,199.0,-0.006021727807819843,0.0005065386067144573,0.1798267364501953,0.0033678803592920303,0.092578125,0.0003,10780
345,706560,3528,-183.86023833387944,199.0,0.026073072105646133,0.00019841358880512416,0.17832612991333008,0.035965003073215485,0.1669921875,0.0003,10791
346,708608,3536,-169.44675108143574,199.0,0.0018726931884884834,0.0007062742952257395,0.17564019560813904,0.0055269114673137665,0.057568359375,0.0003,10791
347,710656,3552,-188.3782719479031,199.0,0.014699198305606842,0.0006574047729372978,0.1786642074584961,0.012362724170088768,0.080078125,0.0003,10792
348,712704,3560,-172.42103206818283,199.0,-0.011454284191131592,0.0004918351187370718,0.18575215339660645,0.004933535121381283,0.06298828125,0.0003,10792
349,714752,3568,-182.36623137977037,199.0,-0.003684522584080696,6.746606959495693e-05,0.18581923842430115,0.005828858353197575,0.152783203125,0.0003,10792
350,716800,3584,-152.27102273535954,199.0,-0.00684748962521553,0.00018192609422840178,0.18197432160377502,0.009378928691148758,0.0716796875,0.0003,10793
351,718848,3592,-164.50568028339381,199.0,-0.005453397519886494,0.0002751994179561734,0.18867215514183044,0.01217438280582428,0.134423828125,0.0003,10793
352,720896,3600,-164.4007670009336,199.0,-0.009971089661121368,0.0001073798630386591,0.17766642570495605,0.010165803134441376,0.038427734375,0.0003,10793
353,722944,3608,-188.62853407359484,199.0,-0.01193491742014885,0.00010318274144083261,0.16943082213401794,0.03168695792555809,0.10883246527777778,0.0003,10795
354,724992,3624,-168.1134011350079,199.0,-0.012159842997789383,0.0006809371989220381,0.15287256240844727,0.008175932802259922,0.115087890625,0.0003,10795
355,727040,3632,-196.91889267582783,199.0,-0.017826948314905167,0.0007102597737684846,0.15140271186828613,0.006859634071588516,0.07919921875,0.0003,10795
356,729088,3640,-201.68581427400824,199.0,0.007136705331504345,0.0004657664685510099,0.15388250350952148,0.03137136250734329,0.07134331597222222,0.0003,10797
357,731136,3648,-200.6969778443617,199.0,-0.014554034918546677,0.0003086036304011941,0.13682317733764648,0.015176227316260338,0.088330078125,0.0003,10797
358,733184,3664,-180.81595930159142,199.0,0.011159338057041168,0.000715358997695148,0.1356663703918457,0.03418056294322014,0.2177734375,0.0003,10814
359,735232,3672,-176.86979572142758,199.0,-0.0017164293676614761,4.4833417632617056e-05,0.1373993158340454,0.0019516234751790762,0.094482421875,0.0003,10814
360,737280,3680,-166.30173778159568,199.0,-0.008446278050541878,6.027927156537771e-05,0.1371912956237793,0.001436866819858551,0.03916015625,0.0003,10814
361,739328,3696,-121.21067031127265,199.0,-0.00898788683116436,0.00020713504636660218,0.13530278205871582,0.015539531596004963,0.097119140625,0.0003,10814
362,741376,3704,-120.27710674754944,199.0,-0.005715681239962578,0.00015539572632405907,0.12050342559814453,0.012515835464000702,0.13466796875,0.0003,10814
363,743424,3712,-103.79342867839765,199.0,-0.01134533528238535,3.536265285219997e-05,0.12218916416168213,0.0015077278949320316,0.066650390625,0.0003,10814
364,745472,3720,-85.66420282929919,199.0,-0.004769936203956604,0.00013390896492637694,0.11190509796142578,0.002805550815537572,0.052783203125,0.0003,10814
365,747520,3736,-173.35811435837084,199.0,-0.015727287158370018,0.00028060429031029344,0.11511456966400146,0.00957805197685957,0.105322265625,0.0003,10814
366,749568,3744,-168.25443974950514,199.0,-0.016216866672039032,0.00025075467419810593,0.11327493190765381,0.015357954427599907,0.122021484375,0.0003,10814
367,751616,3752,-161.578282853638,199.0,-0.004904688335955143,0.00014794540766160935,0.106201171875,0.0046784039586782455,0.06767578125,0.0003,10814
368,753664,3768,-165.55854483256363,199.0,-0.021004289388656616,0.00010599428787827492,0.1068192720413208,0.003658686298877001,0.055615234375,0.0003,10814
369,755712,3776,-168.66838439704586,199.0,-0.007340008392930031,0.0002793001476675272,0.10598433017730713,0.006341829895973206,0.08701171875,0.0003,10814
370,757760,3784,-188.42721948990192,199.0,-0.0029322337359189987,0.0003183985245414078,0.11160695552825928,0.009740854613482952,0.083984375,0.0003,10815
371,759808,3792,-195.90670109124267,199.0,0.0018198201432824135,7.373378321062773e-05,0.11428630352020264,0.013722382485866547,0.106298828125,0.0003,10815
372,761856,3808,-126.9000456215726,199.0,-0.0060624852776527405,0.0003394708619453013,0.10545563697814941,0.003688785247504711,0.0482421875,0.0003,10815
373,763904,3816,-114.68601807014393,199.0,-0.0017982888966798782,0.00012948729272466153,0.10015153884887695,0.0032052374444901943,0.06474609375,0.0003,10815
374,765952,3824,-126.04934706791474,199.0,-0.01365642249584198,0.0005080309929326177,0.09435224533081055,0.007024875842034817,0.041943359375,0.0003,10815
375,768000,3840,-125.81109715097364,199.0,0.0038873106241226196,0.00015902351879049093,0.09250509738922119,0.002652732189744711,0.04765625,0.0003,10815
376,770048,3848,-147.23502804452016,199.0,-0.007753115613013506,0.00037700965185649693,0.09650552272796631,0.004225124139338732,0.064990234375,0.0003,10815
377,772096,3856,-173.49664275060846,199.0,-0.01745353266596794,8.24351009214297e-05,0.08964073657989502,0.012794358655810356,0.101904296875,0.0003,10816
378,774144,3864,-183.21473385999371,199.0,-0.005658977665007114,3.170962736476213e-05,0.10024011135101318,0.006748597137629986,0.088134765625,0.0003,10816
379,776192,3880,-142.8906436599903,199.0,-0.010811787098646164,0.000180077797267586,0.09415531158447266,0.014749277383089066,0.064453125,0.0003,10816
380,778240,3888,-159.97841441170968,199.0,0.0004493650048971176,0.00035649770870804787,0.0950779914855957,0.00220805243588984,0.070654296875,0.0003,10816
381,780288,3896,-175.53441583811437,199.0,-0.014954634942114353,0.00020257594587747008,0.10300815105438232,0.00394589826464653,0.087451171875,0.0003,10816
382,782336,3904,-157.46311250956353,199.0,-0.001471448689699173,2.1302666937117465e-05,0.09456264972686768,0.005194878671318293,0.048681640625,0.0003,10817
383,784384,3920,-134.01689082862293,199.0,-0.004788883030414581,0.00041484637768007815,0.09339594841003418,0.035375699400901794,0.14794921875,0.0003,10832
384,786432,3928,-168.63221083207372,199.0,-0.003927387297153473,6.757761002518237e-05,0.09564876556396484,0.007121613249182701,0.11142578125,0.0003,10832
385,788480,3936,-172.91399031727417,199.0,-0.014633256942033768,0.00017429514264222234,0.10595989227294922,0.008516879752278328,0.092578125,0.0003,10832
386,790528,3952,-142.5425253161912,199.0,-0.0055007729679346085,0.0001725693145999685,0.10132503509521484,0.012984518893063068,0.11943359375,0.0003,10832
387,792576,3960,-147.23677544634907,199.0,-0.008043894544243813,0.0001289762876695022,0.11853420734405518,0.0051589347422122955,0.059716796875,0.0003,10832
388,794624,3968,-150.48417243004772,199.0,0.0016663107089698315,0.00017680013843346387,0.11870718002319336,0.0370829813182354,0.1259765625,0.0003,10844
389,796672,3976,-151.29578031377974,199.0,0.007506790570914745,8.845633419696242e-05,0.13270437717437744,0.004042360000312328,0.07158203125,0.0003,10844
390,798720,3992,-184.34009820950217,199.0,0.0023612873628735542,0.0002185307675972581,0.1335461139678955,0.002904377179220319,0.07646484375,0.0003,10845
391,800768,4000,-189.04860964971334,199.0,-0.016095321625471115,0.00015578759484924376,0.12887966632843018,0.015621662139892578,0.12861328125,0.0003,10845
392,802816,4008,-169.77025153597356,199.0,0.0046390146017074585,9.252743438992184e-06,0.12902069091796875,0.03715340048074722,0.1324462890625,0.0003,10848
393,804864,4024,-110.31221215261351,199.0,-0.01037263497710228,0.00018384231952950358,0.13276541233062744,0.00845373421907425,0.061962890625,0.0003,10848
394,806912,4032,-121.94983637480743,199.0,-0.0044698165729641914,0.00018122053006663918,0.12440383434295654,0.0053905704990029335,0.065673828125,0.0003,10848
395,808960,4040,-165.72106202874903,199.0,0.0010308744385838509,0.00011539234401425347,0.11954629421234131,0.0066694216802716255,0.0806640625,0.0003,10848
396,811008,4048,-168.43009208332998,199.0,0.008303971961140633,7.946546247694641e-05,0.1296294927597046,0.0059570567682385445,0.06474609375,0.0003,10848
397,813056,4064,-183.50429835772013,199.0,-0.0033986512571573257,0.00028663506964221597,0.12909698486328125,0.00422029010951519,0.083740234375,0.0003,10848
398,815104,4072,-168.26784517474306,199.0,0.0032283905893564224,9.154652070719749e-05,0.12783825397491455,0.037049710750579834,0.100341796875,0.0003,10861
399,817152,4080,-158.84595017876399,199.0,-0.02342667616903782,9.911076631397009e-05,0.12855005264282227,0.018054205924272537,0.060205078125,0.0003,10862
400,819200,4096,-203.10064511832417,199.0,-0.012909535318613052,0.00015302153769880533,0.12994539737701416,0.013854838907718658,0.1072265625,0.0003,10862
401,821248,4104,-205.89087448384734,199.0,0.004469465464353561,0.00012510958185885102,0.12810897827148438,0.007044006139039993,0.05615234375,0.0003,10861
402,823296,4112,-169.7123304803009,199.0,-0.000938165932893753,8.460164099233225e-05,0.12738537788391113,0.03564208000898361,0.115966796875,0.0003,10864
403,825344,4120,-173.10423106991644,199.0,0.010193241760134697,0.00013554826728068292,0.12758445739746094,0.03575815632939339,0.142578125,0.0003,10879
404,827392,4136,-167.107819207967,199.0,-0.008069610223174095,0.00022268261818680912,0.12630236148834229,0.005221435334533453,0.04501953125,0.0003,10879
405,829440,4144,-159.03072274769357,199.0,-0.004224926233291626,0.00028661623946391046,0.12369775772094727,0.0028361650183796883,0.11806640625,0.0003,10879
406,831488,4152,-153.68284537935534,199.0,-0.009577583521604538,0.00010952130105579272,0.11943066120147705,0.009338460862636566,0.094091796875,0.0003,10879
407,833536,4160,-194.69143286744819,199.0,-0.013489441946148872,0.000130186541355215,0.12684524059295654,0.0036496794782578945,0.071875,0.0003,10879
408,835584,4176,-215.33432483493948,199.0,-0.010331908240914345,0.0019625378772616386,0.12310147285461426,0.002717295428737998,0.04521484375,0.0003,10879
409,837632,4184,-201.7889702634344,199.0,-0.010524608194828033,0.0005379071226343513,0.12455368041992188,0.00722848204895854,0.06953125,0.0003,10879
410,839680,4192,-197.3344011766057,199.0,-0.005301117897033691,0.0013045750092715025,0.12612473964691162,0.004806851968169212,0.0412109375,0.0003,10879
411,841728,4208,-148.59640470046935,199.0,-0.010249890387058258,0.00023761950433254242,0.13761091232299805,0.09466120600700378,0.07674153645833333,0.0003,10885
412,843776,4216,-140.55594470199674,199.0,0.02459734119474888,0.0005912022897973657,0.1414109468460083,0.03658558428287506,0.0849609375,0.0003,10896
413,845824,4224,-169.60381317335825,199.0,-0.010564930737018585,4.406219522934407e-05,0.13875722885131836,0.0018137862207368016,0.04130859375,0.0003,10896
414,847872,4232,-144.65075472757962,199.0,-0.012192964553833008,6.788324390072376e-05,0.14568936824798584,0.007086454425007105,0.0734375,0.0003,10896
415,849920,4248,-155.265169410395,199.0,-0.01373864896595478,0.00040769283077679574,0.1613086760044098,0.00858834758400917,0.073974609375,0.0003,10896
416,851968,4256,-181.11554895999814,199.0,-0.00045827869325876236,8.752395660849288e-05,0.16308116912841797,0.0016696269158273935,0.074072265625,0.0003,10896
417,854016,4264,-169.0616132890829,199.0,0.001734558492898941,0.0001864766818471253,0.16442975401878357,0.00629341509193182,0.05712890625,0.0003,10897
418,856064,4280,-173.51708352599485,199.0,0.0008238130249083042,0.0006307488074526191,0.16330870985984802,0.036200981587171555,0.122314453125,0.0003,10909
419,858112,4288,-154.22276437289986,199.0,-0.0026113688945770264,0.0003844166058115661,0.15586471557617188,0.003062046365812421,0.07861328125,0.0003,10909
420,860160,4296,-154.013585959617,199.0,-0.012323732487857342,0.0004385508655104786,0.16081953048706055,0.005489636212587357,0.091455078125,0.0003,10909
421,862208,4304,-171.53369914523805,199.0,-0.004704796709120274,0.00011068154708482325,0.16678595542907715,0.009262767620384693,0.047998046875,0.0003,10908
422,864256,4320,-127.55950898562025,199.0,0.003282628022134304,0.00011631175584625453,0.1663212776184082,0.005793827120214701,0.114453125,0.0003,10908
423,866304,4328,-118.29825239542681,199.0,-0.015681378543376923,6.600612687179819e-05,0.16196084022521973,0.012924648821353912,0.109619140625,0.0003,10908
424,868352,4336,-148.27455053577486,199.0,1.7706304788589478e-05,5.420641173259355e-05,0.16205206513404846,0.029200440272688866,0.106298828125,0.0003,10908
425,870400,4352,-177.72314693191217,199.0,0.0011290274560451508,3.2566073059570044e-05,0.15258324146270752,0.0024670592974871397,0.049072265625,0.0003,10908
426,872448,4360,-149.53391008635566,199.0,-0.014889620244503021,0.0002795778273139149,0.16138482093811035,0.008004981093108654,0.08486328125,0.0003,10908
427,874496,4368,-158.48985235398908,199.0,0.000979594886302948,6.990498513914645e-05,0.16337689757347107,0.0005804814863950014,0.0947265625,0.0003,10908
428,876544,4376,-160.75131071118705,199.0,0.0046505555510520935,0.00019083866209257394,0.16879883408546448,0.0032831088174134493,0.072998046875,0.0003,10908
429,878592,4392,-162.67702792564472,199.0,-0.01180323213338852,0.00030756526393815875,0.1859912872314453,0.006565407384186983,0.075537109375,0.0003,10908
430,880640,4400,-159.2583666564978,199.0,-0.009597948752343655,0.00021810363978147507,0.1949903964996338,0.018600154668092728,0.08564453125,0.0003,10908
431,882688,4408,-167.69473339070402,199.0,-0.004955694079399109,0.00018960554734803736,0.1957857608795166,0.05324598029255867,0.175537109375,0.0003,10920
432,884736,4416,-155.71640506992196,199.0,-0.0006578657776117325,0.00010248590842820704,0.20325851440429688,0.006690045818686485,0.0392578125,0.0003,10920
433,886784,4432,-139.59005864359503,199.0,-0.00336352176964283,0.0003206038672942668,0.20785784721374512,0.008581234142184258,0.073779296875,0.0003,10920
434,888832,4440,-158.91164629314048,199.0,0.005433985963463783,4.49352155555971e-05,0.2146754264831543,0.009626558050513268,0.059423828125,0.0003,10919
435,890880,4448,-190.7377652865201,199.0,0.009545911103487015,2.7975756893283688e-05,0.21304726600646973,0.02261154167354107,0.10380859375,0.0003,10919
436,892928,4464,-137.66176385193927,199.0,-0.006881803274154663,5.497112942975946e-05,0.20574688911437988,0.004911426454782486,0.04970703125,0.0003,10919
437,894976,4472,-124.05591393704853,199.0,0.006449751555919647,0.00023494390188716352,0.2112790048122406,0.006053424905985594,0.0541015625,0.0003,10919
438,897024,4480,-159.01494143305746,199.0,0.002290366217494011,1.7854104953585193e-05,0.21042975783348083,0.005335832014679909,0.081787109375,0.0003,10919
439,899072,4488,-159.86059677818213,199.0,-0.0009396988898515701,6.292614853009582e-05,0.2101036012172699,0.03180438280105591,0.1273193359375,0.0003,10928
440,901120,4504,-147.8763980543883,199.0,0.009456919506192207,0.00022169805015437305,0.20553532242774963,0.005094254855066538,0.07548828125,0.0003,10928
441,903168,4512,-170.800194403003,199.0,-0.017461547628045082,3.504077176330611e-05,0.21964892745018005,0.008823252283036709,0.1037109375,0.0003,10928
442,905216,4520,-166.3285530101768,199.0,0.01042070984840393,0.00017445191042497754,0.22055530548095703,0.030362918972969055,0.10823567708333333,0.0003,10938
443,907264,4536,-133.82366167724288,199.0,-0.009262552484869957,3.512097100610845e-05,0.22513586282730103,0.004232723265886307,0.086083984375,0.0003,10938
444,909312,4544,-165.1482205516723,199.0,-0.0018849819898605347,0.00032076321076601744,0.22783207893371582,0.0029822150245308876,0.095361328125,0.0003,10938
445,911360,4552,-180.0777345844863,199.0,0.04162377864122391,2.999486605403945e-05,0.2308485507965088,0.019572004675865173,0.108349609375,0.0003,10938
446,913408,4560,-169.1257286922445,199.0,-0.028288722038269043,8.967526810010895e-05,0.23346847295761108,0.004063350148499012,0.0685546875,0.0003,10938
447,915456,4576,-117.46808683037162,199.0,0.015680866315960884,0.0002480395487509668,0.23819828033447266,0.013314837589859962,0.1166015625,0.0003,10937
448,917504,4584,-121.92280062233723,199.0,-0.014105778187513351,8.736670861253515e-05,0.23928403854370117,0.008721756748855114,0.102978515625,0.0003,10937
449,919552,4592,-159.73819501140596,199.0,-0.012563442811369896,5.629905717796646e-05,0.23563027381896973,0.05597084015607834,0.1842041015625,0.0003,10940
450,921600,4608,-163.76951910736733,199.0,-0.013086041435599327,0.000266034621745348,0.24462461471557617,0.01305864006280899,0.098486328125,0.0003,10940
451,923648,4616,-155.01666783000206,199.0,-0.007161594927310944,0.0001295074907829985,0.240261971950531,0.002975250594317913,0.1306640625,0.0003,10940
452,925696,4624,-134.92769255757278,199.0,-0.002864368259906769,0.00023572600912302732,0.23342108726501465,0.004347603768110275,0.03828125,0.0003,10939
453,927744,4632,-164.96027813022997,199.0,0.010743457823991776,8.456747309537604e-06,0.2359742522239685,0.00674845278263092,0.058056640625,0.0003,10939
454,929792,4648,-131.83106786814517,199.0,0.00544547475874424,0.00016699425759725273,0.24292945861816406,0.0034718988463282585,0.04189453125,0.0003,10939
455,931840,4656,-136.6860246640769,199.0,-0.006739668548107147,0.0003811212081927806,0.2465190291404724,0.0043332939967513084,0.128125,0.0003,10939
456,933888,4664,-156.22265717026818,199.0,-0.005715128034353256,4.9149115511681885e-05,0.2556803226470947,0.03181459382176399,0.07568359375,0.0003,10945
457,935936,4672,-158.63544557201885,199.0,-0.011283326894044876,3.969746830989607e-05,0.2589280605316162,0.008284449577331543,0.07265625,0.0003,10945
458,937984,4688,-152.8413942576956,199.0,-0.008639892563223839,0.00018438913684803993,0.2639446258544922,0.0067396145313978195,0.055078125,0.0003,10945
459,940032,4696,-197.30444447533722,199.0,0.0006478931754827499,5.852407412021421e-05,0.25909423828125,0.008281023241579533,0.0955078125,0.0003,10945
460,942080,4704,-176.7045058987581,199.0,-0.0024443045258522034,0.00014613618259318173,0.2565915584564209,0.009262392297387123,0.066162109375,0.0003,10944
461,944128,4720,-178.91491981652376,199.0,0.0147752296179533,0.00016093580052256584,0.2567014694213867,0.0063026901334524155,0.091259765625,0.0003,10944
462,946176,4728,-151.42358585193784,199.0,-0.004336541518568993,0.0002012019685935229,0.2665426731109619,0.0026523976121097803,0.0458984375,0.0003,10944
463,948224,4736,-126.51377872516414,199.0,0.05920650064945221,3.4578020859044045e-05,0.26744216680526733,0.004733538255095482,0.074755859375,0.0003,10944
464,950272,4744,-144.7903756967716,199.0,-0.013833342120051384,0.0003377258835826069,0.27083921432495117,0.0098126120865345,0.09970703125,0.0003,10944
465,952320,4760,-207.04126350926657,199.0,0.0015294849872589111,0.00042957684490829706,0.27022433280944824,0.009230236522853374,0.074462890625,0.0003,10944
466,954368,4768,-190.55636826182783,199.0,-0.013399838469922543,0.00017599422426428646,0.26704829931259155,0.005486330017447472,0.08232421875,0.0003,10943
467,956416,4776,-160.51427581425324,199.0,-0.006182936020195484,5.746930401073769e-05,0.2616419196128845,0.008342714048922062,0.035302734375,0.0003,10943
468,958464,4792,-185.66314655529382,199.0,-0.005285886116325855,9.710280573926866e-05,0.25636768341064453,0.004866090603172779,0.05224609375,0.0003,10943
469,960512,4800,-140.33252106077953,199.0,0.01108251791447401,3.995224687969312e-05,0.24816077947616577,0.008934596553444862,0.084765625,0.0003,10943
470,962560,4808,-121.22852726484334,199.0,0.003478545695543289,5.9467634855536744e-05,0.2340039610862732,0.014005431905388832,0.09091796875,0.0003,10943
471,964608,4816,-157.01039144803136,199.0,-0.014014409855008125,0.00012405913730617613,0.23521828651428223,0.012382123619318008,0.06708984375,0.0003,10943
472,966656,4832,-204.5853345426086,199.0,-0.000997297465801239,0.00015092280227690935,0.24275612831115723,0.027136925607919693,0.104638671875,0.0003,10943
473,968704,4840,-193.3276479774081,199.0,0.01324993371963501,4.589865420712158e-05,0.2474977970123291,0.03230523318052292,0.13623046875,0.0003,10949
474,970752,4848,-153.19686947953915,199.0,-0.0038801422342658043,0.00011912580521311611,0.24974721670150757,0.008601067587733269,0.0744140625,0.0003,10949
475,972800,4864,-198.1922684299918,199.0,0.0177299864590168,0.00010406108049210161,0.2597172260284424,0.003576237242668867,0.083642578125,0.0003,10949
476,974848,4872,-163.99749158564026,199.0,-0.01205364242196083,6.899033905938268e-05,0.2686414122581482,0.004838765598833561,0.08828125,0.0003,10949
477,976896,4880,-140.28119489078637,199.0,-0.011920033022761345,3.1072584533831105e-05,0.25392889976501465,0.010380363091826439,0.102734375,0.0003,10949
478,978944,4888,-141.08248948002876,199.0,-0.011312413029372692,0.00026947789592668414,0.2561619281768799,0.005712074693292379,0.070703125,0.0003,10949
479,980992,4904,-145.60178848634422,199.0,0.006545621901750565,0.00010197199299000204,0.25823974609375,0.006691398564726114,0.061865234375,0.0003,10948
480,983040,4912,-162.82364477597935,199.0,0.02265692874789238,0.00024372452753596008,0.26364827156066895,0.009129161015152931,0.04619140625,0.0003,10948
481,985088,4920,-159.4744391622559,199.0,-0.01364709809422493,0.0001380524190608412,0.26403242349624634,0.005227645393460989,0.05205078125,0.0003,10948
482,987136,4928,-177.2997635486011,199.0,-0.0030820146203041077,3.563869177014567e-05,0.2714514136314392,0.008203402161598206,0.048291015625,0.0003,10948
483,989184,4944,-170.78513072736604,199.0,-0.004729662090539932,0.0001565923448652029,0.2792596220970154,0.006420298013836145,0.0560546875,0.0003,10948
484,991232,4952,-171.46961841415242,199.0,-0.008672434836626053,1.039827384374803e-05,0.28156089782714844,0.002809961559250951,0.12333984375,0.0003,10947
485,993280,4960,-128.79930691660647,199.0,0.003637077286839485,2.362307350267656e-05,0.2737247943878174,0.011067279614508152,0.06259765625,0.0003,10947
486,995328,4976,-116.7999841706935,199.0,-0.015678565949201584,3.699626540765166e-05,0.2721105217933655,0.005093188490718603,0.044970703125,0.0003,10947
487,997376,4984,-141.63996929388537,199.0,0.024564845487475395,5.953950676484965e-05,0.2687563896179199,0.018679141998291016,0.095947265625,0.0003,10947
488,999424,4992,-139.01081863158126,199.0,-0.009340737015008926,0.00012567105295602232,0.2868218421936035,0.005389240570366383,0.06171875,0.0003,10947
